{
    "avg_reprojection_error": 0.46300354182279363,
    "camera_matrix": [
        1614.7296124550426,
        0.0,
        965.4305720384099,
        0.0,
        1612.6649976141457,
        540.469376549157,
        0.0,
        0.0,
        1.0
    ],
    "distortion_coefficients": [
        0.38365774433739247,
        -1.912132618459415,
        -0.0005107145686024309,
        -0.0003734738054644905,
        3.936528621756352,
        0.09583517690198079,
        0.08587958561288045,
        -0.15838418799183207
    ]
}
